product,n_loans,total_ead,ecl_weighted,mean_pd_12m,mean_lgd,coverage_ratio_weighted
auto,7581,167683602.68,10200515.56,0.04927295211713494,0.43,0.0608
credit_card,9865,71583571.2,10092084.06,0.09609318601115054,0.71,0.141
mortgage,17411,3399476360.26,66199984.21,0.025967439549709953,0.22,0.0195
overdraft,5081,29690413.96,5121555.32,0.12293198189332807,0.71,0.1725
personal_loan,10062,112147718.93,16425324.96,0.08190836414231763,0.71,0.1465
