collateral_type,mean_true,mean_pred,n
auto,0.43414846153846154,0.4396971643125595,637
mortgage,0.24169984977139122,0.2290610230028527,1531
personal_secured,0.5009844320712695,0.5042538853515303,449
unsecured,0.7114834148727984,0.7340743812614949,1022
