collateral_type,LRA_LGD,downturn_p90,downturn_uplift
auto,0.42593097514340345,0.5579495047595188,0.13201852961611532
mortgage,0.21773178247096095,0.31656870253780206,0.09883692006684111
personal_secured,0.4959640918880115,0.629831166533202,0.13386707464519054
unsecured,0.7185150143266477,0.7762818699678788,0.057766855641231185
