product,mean_true,mean_pred,n
credit_card,0.5799965210786175,0.5784646831436497,2633
line_of_credit,0.7436876215644821,0.7503225301365943,946
overdraft,0.7059390722495895,0.709764745148183,1218
