model,MAE_EUR,RMSE_EUR,R2,mean_pred_EAD,mean_true_EAD
FractionalLogit,895.3451339450444,2195.101578409329,0.9809361464118138,9324.52395752563,9276.815415884927
OLS-logit,905.2066966821301,2304.9114771778595,0.9789811016069927,9559.014314916807,9276.815415884927
XGBoost,906.1250343861377,2315.7241246683125,0.9787834341320972,9530.198245904978,9276.815415884927
