model,MAE,RMSE,R2,mean_pred,mean_true
FractionalLogit,0.12729815505330663,0.15716617683109538,0.3100938032372599,0.6456944098013206,0.6442553929539295
OLS-logit,0.12796006709508673,0.160718151743851,0.27855749323725465,0.6655296749621045,0.6442553929539295
XGBoost,0.12860045183676988,0.16108015354566735,0.2753038768033922,0.6640429496765137,0.6442553929539295
