feature,psi
unemployment_pct,17.267296859664008
gdp_yoy_pct,16.732036599927365
drawn_t0_eur,0.009515670288841458
credit_limit_eur,0.0032667548171301706
min_payment_ratio,0.0030135923896706988
risk_score_t0,0.002754490287925004
utilisation_t0,0.0023345404220866573
time_to_default_months,0.0015384737324109742
borrower_age,0.0015358213177931559
